City_ID,City,Country,Date,Lat,Lng,Max Temp,Humidity,Cloudiness,Wind Speed
0,Esperance,AU,2022-07-09 21:54:54,-33.8667,121.9,58.46,72,82,23.55
1,Qaanaaq,GL,2022-07-09 21:54:54,77.484,-69.3632,44.35,74,62,2.24
2,Haines Junction,CA,2022-07-09 21:54:54,60.7522,-137.5108,67.95,45,100,8.05
3,Los Llanos De Aridane,ES,2022-07-09 21:54:54,28.6585,-17.9182,67.75,88,0,17.27
4,Punta Arenas,CL,2022-07-09 21:50:00,-53.15,-70.9167,30.31,69,20,9.22
5,Lebu,CL,2022-07-09 21:54:55,-37.6167,-73.65,49.01,83,100,13.49
6,Businga,CD,2022-07-09 21:54:55,3.3333,20.8833,71.82,91,85,1.5
7,Arraial Do Cabo,BR,2022-07-09 21:53:30,-22.9661,-42.0278,71.56,88,40,11.5
8,Troitskoye,RU,2022-07-09 21:54:55,52.9821,84.6757,58.35,83,21,6.31
9,Kaitangata,NZ,2022-07-09 21:54:56,-46.2817,169.8464,37.63,79,54,4.63
10,Carutapera,BR,2022-07-09 21:54:56,-1.195,-46.02,74.79,93,39,6.35
11,Atuona,PF,2022-07-09 21:54:56,-9.8,-139.0333,77.81,77,25,18.63
12,Bluff,NZ,2022-07-09 21:54:56,-46.6,168.3333,36.81,73,45,4.9
13,San Patricio,US,2022-07-09 21:54:56,28.017,-97.5169,101.16,38,30,16.24
14,Nouakchott,MR,2022-07-09 21:54:57,18.0858,-15.9785,75.13,85,46,13.78
15,Busselton,AU,2022-07-09 21:54:57,-33.65,115.3333,55.09,63,96,18.01
16,Magistralnyy,RU,2022-07-09 21:54:57,56.1725,107.4458,54.21,94,73,2.8
17,Tilichiki,RU,2022-07-09 21:54:57,60.4667,166.1,63.3,66,30,11.54
18,Geraldton,AU,2022-07-09 21:54:58,-28.7667,114.6,63.01,67,100,14.97
19,Quatre Cocos,MU,2022-07-09 21:54:58,-20.2078,57.7625,66.31,70,49,21.83
20,Mackay,AU,2022-07-09 21:54:09,-21.15,149.2,50.68,65,0,10.67
21,Grandola,PT,2022-07-09 21:54:58,38.1772,-8.5668,72.77,47,0,4.88
22,Barrow,US,2022-07-09 21:54:58,71.2906,-156.7887,57.96,62,61,9.95
23,San Quintin,MX,2022-07-09 21:54:59,30.4833,-115.95,74.37,65,34,18.95
24,Riverton,US,2022-07-09 21:54:59,40.5219,-111.9391,103.28,13,0,23.02
25,Kysyl-Syr,RU,2022-07-09 21:54:59,63.8986,122.7617,59.11,83,100,1.74
26,Pisco,PE,2022-07-09 21:54:59,-13.7,-76.2167,66.25,72,0,19.57
27,Rikitea,PF,2022-07-09 21:55:00,-23.1203,-134.9692,74.62,78,49,13.8
28,Karaton,ID,2022-07-09 21:55:00,-6.3424,106.1045,72.77,84,68,1.36
29,Upernavik,GL,2022-07-09 21:55:00,72.7868,-56.1549,39.29,85,4,9.55
30,Yenagoa,NG,2022-07-09 21:55:00,4.9247,6.2642,74.43,94,100,2.64
31,Ierapetra,GR,2022-07-09 21:55:01,35.01,25.7353,77.14,62,9,8.99
32,Leningradskiy,RU,2022-07-09 21:55:01,69.3833,178.4167,36.9,92,100,10.6
33,Sao Filipe,CV,2022-07-09 21:55:01,14.8961,-24.4956,74.17,85,32,8.41
34,Bouna,CI,2022-07-09 21:55:02,9.2667,-3.0,71.91,93,93,8.81
35,Bontang,ID,2022-07-09 21:55:02,0.1333,117.5,77.74,87,100,5.88
36,General Roca,AR,2022-07-09 21:53:22,-39.0333,-67.5833,53.13,34,100,5.06
37,Avarua,CK,2022-07-09 21:55:03,-21.2078,-159.775,77.05,57,73,13.8
38,Bismarck,US,2022-07-09 21:55:03,46.8083,-100.7837,91.65,56,20,13.8
39,Alofi,NU,2022-07-09 21:55:03,-19.0595,-169.9187,76.89,78,96,19.57
40,Alugan,PH,2022-07-09 21:55:03,12.2188,125.4808,77.14,87,97,5.66
41,Dikson,RU,2022-07-09 21:55:04,73.5069,80.5464,32.2,93,82,7.11
42,Eureka,US,2022-07-09 21:55:04,40.8021,-124.1637,80.67,73,26,8.01
43,Ushuaia,AR,2022-07-09 21:53:25,-54.8,-68.3,28.06,74,75,19.57
44,Upington,ZA,2022-07-09 21:55:04,-28.4478,21.2561,62.98,31,8,5.75
45,Hermanus,ZA,2022-07-09 21:55:05,-34.4187,19.2345,55.8,81,1,7.2
46,Rosario,AR,2022-07-09 21:54:04,-32.9468,-60.6393,75.11,67,0,13.8
47,Cayenne,GF,2022-07-09 21:54:12,4.9333,-52.3333,82.44,1,75,5.75
48,Lazaro Cardenas,MX,2022-07-09 21:56:05,17.9583,-102.2,86.14,67,67,12.1
49,Yellowknife,CA,2022-07-09 21:55:04,62.456,-114.3525,70.32,64,75,5.75
50,Hithadhoo,MV,2022-07-09 21:56:05,-0.6,73.0833,82.2,76,52,6.08
51,Komsomolskoye,RU,2022-07-09 21:56:06,55.2567,47.5461,62.24,89,100,4.72
52,Cidreira,BR,2022-07-09 21:56:06,-30.1811,-50.2056,62.58,91,39,14.2
53,Kirksville,US,2022-07-09 21:51:28,40.1948,-92.5833,84.81,65,40,11.5
54,Port Alfred,ZA,2022-07-09 21:55:57,-33.5906,26.891,69.28,36,0,13.24
55,Cape Town,ZA,2022-07-09 21:53:05,-33.9258,18.4232,59.38,84,75,12.66
56,Kavieng,PG,2022-07-09 21:56:06,-2.5744,150.7967,82.51,70,46,14.32
57,Castro,BR,2022-07-09 21:56:07,-24.7911,-50.0119,57.49,79,9,2.93
58,Bacolod,PH,2022-07-09 21:56:07,10.6667,122.95,77.38,91,82,9.48
59,Puerto Ayora,EC,2022-07-09 21:56:07,-0.7393,-90.3518,80.56,89,87,5.99
60,Hilo,US,2022-07-09 21:54:42,19.7297,-155.09,83.25,89,71,7.0
61,Banapur,IN,2022-07-09 21:56:07,19.7833,85.1833,81.18,86,100,0.98
62,Soyo,AO,2022-07-09 21:56:08,-6.1349,12.3689,69.89,91,93,7.43
63,Kokoda,PG,2022-07-09 21:56:08,-8.8785,147.7407,76.86,88,99,0.76
64,Jamestown,US,2022-07-09 21:56:08,42.097,-79.2353,77.52,54,8,8.99
65,Two Rivers,US,2022-07-09 21:56:08,44.1539,-87.5693,77.04,56,40,1.99
66,Palmital,BR,2022-07-09 21:56:09,-22.7889,-50.2175,67.84,49,3,4.99
67,Olafsvik,IS,2022-07-09 21:56:09,64.8945,-23.7142,51.58,96,100,13.87
68,Chokurdakh,RU,2022-07-09 21:56:09,70.6333,147.9167,55.51,41,26,7.81
69,Santa Maria,BR,2022-07-09 21:56:09,-29.6842,-53.8069,67.3,83,0,3.44
70,Chuy,UY,2022-07-09 21:56:10,-33.6971,-53.4616,60.42,94,52,11.61
71,Bereda,ES,2022-07-09 21:56:10,43.2686,-7.5406,64.15,100,0,2.98
72,Khatanga,RU,2022-07-09 21:56:10,71.9667,102.5,46.62,92,100,1.48
73,Benito Juarez,MX,2022-07-09 21:56:11,19.385,-99.165,73.83,59,91,8.28
74,Havre-Saint-Pierre,CA,2022-07-09 21:56:11,50.2334,-63.5986,57.56,72,100,11.5
75,Isangel,VU,2022-07-09 21:56:11,-19.55,169.2667,79.54,71,8,13.49
76,Nanortalik,GL,2022-07-09 21:56:12,60.1432,-45.2371,43.56,90,32,7.78
77,Silopi,TR,2022-07-09 21:56:12,37.2497,42.4694,87.13,20,0,2.66
78,Chapais,CA,2022-07-09 21:56:12,49.7834,-74.8492,65.98,29,6,9.06
79,Polyarnyy,RU,2022-07-09 21:56:12,69.1989,33.4478,48.22,87,99,4.45
80,Torbay,CA,2022-07-09 21:56:13,47.6666,-52.7314,64.27,84,75,13.8
81,Kodiak,US,2022-07-09 21:56:13,57.79,-152.4072,56.71,77,100,12.66
82,Provideniya,RU,2022-07-09 21:56:13,64.3833,-173.3,49.28,91,100,10.02
83,Thompson,CA,2022-07-09 21:56:13,55.7435,-97.8558,75.36,64,75,8.05
84,Norman Wells,CA,2022-07-09 21:53:32,65.282,-126.8329,80.64,41,75,12.66
85,Liliani,PK,2022-07-09 21:56:14,32.2065,72.9537,88.47,63,14,2.39
86,Kinsale,IE,2022-07-09 21:56:14,51.7075,-8.5306,65.57,82,40,5.75
87,Terra Santa,BR,2022-07-09 21:56:14,-2.1042,-56.4869,79.92,67,54,3.18
88,Cabo San Lucas,MX,2022-07-09 21:53:18,22.8909,-109.9124,93.18,65,67,8.25
89,Olga,RU,2022-07-09 21:56:15,43.7444,135.2892,66.65,79,97,3.87
90,Hasaki,JP,2022-07-09 21:56:15,35.7333,140.8333,77.4,89,100,16.51
91,Praia,CV,2022-07-09 21:56:15,14.9215,-23.5087,75.74,73,40,11.5
92,Teya,RU,2022-07-09 21:56:15,60.3778,92.6267,61.9,77,98,3.04
93,Arcata,US,2022-07-09 21:56:16,40.8665,-124.0828,80.67,75,40,10.36
94,Airai,TL,2022-07-09 21:57:16,-8.9266,125.4092,56.03,94,75,4.07
95,Port Elizabeth,ZA,2022-07-09 21:53:53,-33.918,25.5701,64.69,63,75,25.32
96,Mataura,NZ,2022-07-09 21:57:16,-46.1927,168.8643,36.48,86,47,1.79
97,Inirida,CO,2022-07-09 21:57:16,3.8653,-67.9239,78.35,94,87,2.08
98,Carnarvon,AU,2022-07-09 21:53:24,-24.8667,113.6333,66.27,94,100,16.11
99,Rome,US,2022-07-09 21:56:01,34.257,-85.1647,90.48,65,78,8.59
100,Hobart,AU,2022-07-09 21:55:12,-42.8794,147.3294,44.46,88,75,3.44
101,Lata,PT,2022-07-09 21:57:17,40.1629,-8.3327,68.83,57,0,2.15
102,Vestmanna,FO,2022-07-09 21:57:17,62.1564,-7.1664,50.92,93,100,4.61
103,Kloulklubed,PW,2022-07-09 21:57:17,7.0419,134.2556,82.35,77,99,14.25
104,Bathsheba,BB,2022-07-09 21:57:18,13.2167,-59.5167,86.61,90,20,23.02
105,Yatou,CN,2022-07-09 21:57:18,37.15,122.3833,76.51,78,97,2.89
106,Vestmannaeyjar,IS,2022-07-09 21:57:18,63.4427,-20.2734,52.39,96,100,15.37
107,Raudeberg,NO,2022-07-09 21:57:19,61.9875,5.1352,48.87,84,96,13.18
108,Ramgarh,IN,2022-07-09 21:57:19,23.6333,85.5167,78.85,86,3,7.43
109,Cherskiy,RU,2022-07-09 21:57:19,68.75,161.3,42.12,70,100,12.5
110,Russell,US,2022-07-09 21:57:19,32.3502,-85.1999,92.48,94,40,3.44
111,Bredasdorp,ZA,2022-07-09 21:57:20,-34.5322,20.0403,51.94,79,0,5.61
112,Port Moresby,PG,2022-07-09 21:57:20,-9.4431,147.1797,76.42,94,40,3.44
113,Tete,MZ,2022-07-09 21:57:20,-16.1564,33.5867,60.89,82,40,3.44
114,Georgetown,MY,2022-07-09 21:57:16,5.4112,100.3354,83.95,89,20,5.01
115,Faanui,PF,2022-07-09 21:57:20,-16.4833,-151.75,78.24,74,87,18.43
116,Guaiuba,BR,2022-07-09 21:57:21,-4.0397,-38.6372,80.04,88,90,2.68
117,Mogadishu,SO,2022-07-09 21:55:36,2.0371,45.3438,75.67,81,48,21.18
118,Souillac,MU,2022-07-09 21:57:21,-20.5167,57.5167,66.58,88,40,11.5
119,Tuktoyaktuk,CA,2022-07-09 21:57:21,69.4541,-133.0374,50.0,93,100,6.91
120,Te Anau,NZ,2022-07-09 21:57:22,-45.4167,167.7167,33.49,87,41,2.21
121,Ribeira Grande,PT,2022-07-09 21:57:22,38.5167,-28.7,67.46,80,47,11.74
122,Albany,US,2022-07-09 21:53:30,42.6001,-73.9662,80.4,41,12,4.47
123,Mar Del Plata,AR,2022-07-09 21:52:36,-38.0023,-57.5575,55.09,94,100,8.01
124,Port-Cartier,CA,2022-07-09 21:57:22,50.0334,-66.8654,66.42,44,81,14.25
125,Griffith,US,2022-07-09 21:57:22,41.5284,-87.4237,80.15,64,0,11.5
126,Flin Flon,CA,2022-07-09 21:57:23,54.7682,-101.865,76.84,65,75,8.05
127,Ostrovnoy,RU,2022-07-09 21:57:23,68.0531,39.5131,45.46,93,94,1.23
128,Chake Chake,TZ,2022-07-09 21:57:23,-5.2459,39.7666,74.25,74,0,12.01
129,San Cristobal,VE,2022-07-09 21:57:24,7.7669,-72.225,82.58,63,44,5.28
130,Kapaa,US,2022-07-09 21:57:24,22.0752,-159.319,82.38,89,98,7.0
131,Stykkisholmur,IS,2022-07-09 21:57:24,65.0757,-22.7297,52.05,94,100,14.07
132,Yerbogachen,RU,2022-07-09 21:57:24,61.2767,108.0108,56.35,70,7,2.66
133,Olinda,BR,2022-07-09 21:57:00,-8.0089,-34.8553,76.73,88,75,5.75
134,Bonthe,SL,2022-07-09 21:57:25,7.5264,-12.505,75.88,92,100,11.34
135,Esna,EG,2022-07-09 21:57:25,25.2934,32.554,89.62,22,41,11.43
136,Mountain Home,US,2022-07-09 21:55:07,43.133,-115.6912,92.68,18,0,12.66
137,Lompoc,US,2022-07-09 21:57:25,34.6391,-120.4579,85.69,71,75,23.0
138,Sur,OM,2022-07-09 21:58:26,22.5667,59.5289,83.66,81,100,8.97
139,Pochutla,MX,2022-07-09 21:58:26,15.7432,-96.4661,86.34,63,31,6.78
140,Dunedin,NZ,2022-07-09 21:58:26,-45.8742,170.5036,42.8,63,18,1.99
141,Mahebourg,MU,2022-07-09 21:53:28,-20.4081,57.7,66.49,88,40,11.5
142,Kuroishi,JP,2022-07-09 21:58:26,40.6389,140.5922,69.76,100,75,6.91
143,Saldanha,ZA,2022-07-09 21:58:27,-33.0117,17.9442,55.45,93,19,16.46
144,Carauari,BR,2022-07-09 21:56:27,-4.8828,-66.8958,78.73,86,49,1.61
145,Santa Rosa,PH,2022-07-09 21:55:52,14.3122,121.1114,82.11,88,20,3.87
146,Ponta Do Sol,PT,2022-07-09 21:58:27,32.6667,-17.1,72.23,74,3,2.17
147,Rio Gallegos,AR,2022-07-09 21:58:27,-51.6226,-69.2181,26.65,80,20,13.8
148,Hamilton,US,2022-07-09 21:58:27,39.1834,-84.5333,83.88,74,70,1.99
149,Grindavik,IS,2022-07-09 21:58:28,63.8424,-22.4338,51.75,100,100,17.27
150,Gondar,ET,2022-07-09 21:58:28,12.6,37.4667,56.28,94,100,1.01
151,Vaini,TO,2022-07-09 21:58:28,-21.2,-175.2,77.16,78,75,10.36
152,Beloha,MG,2022-07-09 21:58:28,-25.1667,45.05,60.49,60,0,8.68
153,East London,ZA,2022-07-09 21:58:29,-33.0153,27.9116,69.39,33,0,10.0
154,Butaritari,KI,2022-07-09 21:58:29,3.0707,172.7902,81.59,79,44,13.24
155,Luderitz,NA,2022-07-09 21:58:29,-26.6481,15.1594,55.08,92,1,8.72
156,Kristiansund,NO,2022-07-09 21:58:29,63.1115,7.732,51.85,87,75,10.36
157,Jobbagyi,HU,2022-07-09 21:58:30,47.8324,19.6776,69.98,54,85,4.54
158,North Bend,US,2022-07-09 21:58:30,43.4065,-124.2243,75.24,100,38,1.99
159,Saint-Philippe,RE,2022-07-09 21:58:30,-21.3585,55.7679,67.59,72,59,13.8
160,Baruun-Urt,MN,2022-07-09 21:58:30,46.6806,113.2792,60.28,64,14,1.66
161,Odweyne,SO,2022-07-09 21:58:31,9.4092,45.064,70.02,55,100,20.67
162,Middelburg,ZA,2022-07-09 21:58:31,-25.7751,29.4648,50.02,66,0,6.35
163,Tual,ID,2022-07-09 21:58:31,-5.6667,132.75,79.79,82,56,21.32
164,Lagunas,PE,2022-07-09 21:58:31,-5.2269,-75.6753,76.86,96,37,3.02
165,Bayshore Gardens,US,2022-07-09 21:58:32,27.4253,-82.5904,92.14,57,37,1.99
166,Severo-Kurilsk,RU,2022-07-09 21:53:58,50.6789,156.125,58.15,85,100,12.39
167,Nabire,ID,2022-07-09 21:58:32,-3.3667,135.4833,76.21,90,84,2.64
168,Portland,US,2022-07-09 21:54:59,45.5234,-122.6762,83.66,49,43,3.0
169,Glomfjord,NO,2022-07-09 21:58:32,66.8167,13.9667,47.68,92,99,2.35
170,Worthing,GB,2022-07-09 21:58:33,50.8145,-0.3713,65.89,81,0,5.01
171,Longyearbyen,SJ,2022-07-09 21:58:33,78.2186,15.6401,42.64,75,75,19.57
172,Orsk,RU,2022-07-09 21:58:33,51.2049,58.5668,65.3,72,0,4.47
173,Boyolangu,ID,2022-07-09 21:58:33,-8.1181,111.8935,71.71,91,53,2.75
174,Coquimbo,CL,2022-07-09 21:58:34,-29.9533,-71.3436,56.93,82,75,12.66
175,Leshukonskoye,RU,2022-07-09 21:58:34,64.8989,45.7622,59.5,62,100,1.68
176,Motomiya,JP,2022-07-09 21:58:34,37.5167,140.4,74.44,82,75,3.67
177,Concepcion,CL,2022-07-09 21:58:28,-36.827,-73.0498,48.0,87,100,16.11
178,Aksu,CN,2022-07-09 21:58:34,41.1231,80.2644,77.43,32,100,5.91
179,Pattoki,PK,2022-07-09 21:58:35,31.0167,73.85,88.18,66,98,6.17
180,Lagoa,PT,2022-07-09 21:58:35,39.05,-27.9833,66.54,79,54,9.8
181,Boden,SE,2022-07-09 21:58:35,65.8252,21.6886,60.8,72,100,4.5
182,Malayal,PH,2022-07-09 21:58:35,7.208,121.942,73.2,84,100,6.91
183,Diamantino,BR,2022-07-09 21:59:36,-14.4086,-56.4461,82.02,35,36,4.88
184,Vila,PT,2022-07-09 21:59:36,42.0304,-8.1588,70.7,55,0,2.42
185,Yumen,CN,2022-07-09 21:59:36,40.2833,97.2,74.05,20,58,6.29
186,Uige,AO,2022-07-09 21:59:36,-7.6087,15.0613,64.96,65,100,2.93
187,Ulaangom,MN,2022-07-09 21:59:36,49.9811,92.0667,62.92,49,100,3.62
188,Martapura,ID,2022-07-09 21:59:37,-3.4167,114.85,75.29,88,100,1.14
189,Lorengau,PG,2022-07-09 21:59:37,-2.0226,147.2712,82.67,78,96,12.66
190,Atar,MR,2022-07-09 21:59:37,20.5169,-13.0499,97.75,23,0,8.01
191,Tiksi,RU,2022-07-09 21:58:22,71.6872,128.8694,53.92,56,100,9.51
192,Fare,PF,2022-07-09 21:59:38,-16.7,-151.0167,77.79,74,62,18.59
193,Kaminoyama,JP,2022-07-09 21:59:29,38.1539,140.2736,69.91,85,62,2.06
194,Quesnel,CA,2022-07-09 21:59:38,52.9999,-122.5029,68.5,49,75,10.36
195,Alappuzha,IN,2022-07-09 21:59:38,9.49,76.3264,75.99,85,100,15.28
196,Axim,GH,2022-07-09 21:59:38,4.8699,-2.2405,76.03,86,70,9.19
197,Veraval,IN,2022-07-09 21:59:39,20.9,70.3667,82.18,82,100,20.67
198,Elliot,ZA,2022-07-09 21:59:39,-31.3333,27.85,46.56,39,0,6.53
199,Nuevo Progreso,MX,2022-07-09 21:59:39,23.1667,-97.95,93.54,47,11,7.0
200,Alta Floresta,BR,2022-07-09 21:59:39,-9.8756,-56.0861,83.66,37,48,3.09
201,Gayny,RU,2022-07-09 21:59:40,60.3071,54.3241,59.72,89,92,3.53
202,Tura,IN,2022-07-09 21:59:40,25.5198,90.2201,74.52,94,49,4.85
203,Mudu,CN,2022-07-09 21:59:40,31.252,120.5118,81.82,76,75,4.9
204,Yuzhno-Kurilsk,RU,2022-07-09 21:59:40,44.0306,145.8556,55.62,96,99,11.99
205,Acajutla,SV,2022-07-09 21:59:41,13.5928,-89.8275,84.81,71,22,5.12
206,Chicama,PE,2022-07-09 21:59:41,-7.8447,-79.1469,61.34,70,50,7.34
207,Gushikawa,JP,2022-07-09 21:59:41,26.3544,127.8686,83.62,89,99,11.07
208,Kulhudhuffushi,MV,2022-07-09 21:59:41,6.6221,73.07,81.1,82,100,16.02
209,Deer Lake,CA,2022-07-09 21:59:42,49.1667,-57.4316,64.26,52,20,13.8
210,Nouadhibou,MR,2022-07-09 21:59:42,20.931,-17.0347,69.78,88,17,12.66
211,Alihe,CN,2022-07-09 21:59:42,50.5667,123.7167,57.4,93,71,2.95
212,Malakal,SS,2022-07-09 21:59:42,9.5334,31.6605,72.73,76,97,2.64
213,Manavalakurichi,IN,2022-07-09 21:59:42,8.1333,77.3,79.03,79,98,15.97
214,Bako,ET,2022-07-09 21:59:43,5.7833,36.5667,64.58,69,96,3.58
215,Egvekinot,RU,2022-07-09 21:59:43,66.3167,-179.1667,41.4,98,100,6.82
216,Kumbo,CM,2022-07-09 21:59:43,6.2,10.6667,58.59,96,100,3.24
217,Belaya Gora,RU,2022-07-09 21:59:43,68.5333,146.4167,54.21,63,4,8.14
218,Camana,PE,2022-07-09 21:59:44,-16.6228,-72.7111,61.5,85,81,6.22
219,Padang,ID,2022-07-09 21:59:44,-0.9492,100.3543,76.42,87,69,2.86
220,Kedungwaru,ID,2022-07-09 21:59:44,-8.0667,111.9167,71.1,92,46,2.35
221,Cananeia,BR,2022-07-09 21:59:44,-25.0147,-47.9267,63.77,94,35,2.73
222,Rumonge,BI,2022-07-09 21:59:45,-3.9736,29.4386,71.19,60,50,2.26
223,Asfi,MA,2022-07-09 21:59:45,32.2994,-9.2372,77.5,55,46,12.26
224,Vanimo,PG,2022-07-09 21:59:45,-2.6741,141.3028,77.07,89,100,4.65
225,Kruisfontein,ZA,2022-07-09 21:59:45,-34.0033,24.7314,61.88,78,3,17.58
226,Sumbawanga,TZ,2022-07-09 21:59:46,-7.9667,31.6167,51.03,65,2,4.0
227,Hambantota,LK,2022-07-09 21:59:46,6.1241,81.1185,79.14,78,20,5.75
228,Hirna,ET,2022-07-09 22:00:46,9.2167,41.1,59.02,88,100,7.58
229,Beringovskiy,RU,2022-07-09 22:00:47,63.05,179.3167,49.69,86,100,14.99
230,Presidencia Roque Saenz Pena,AR,2022-07-09 22:00:47,-26.7852,-60.4388,79.29,34,59,7.85
231,New Norfolk,AU,2022-07-09 22:00:47,-42.7826,147.0587,44.1,88,11,2.84
232,Las Palmas,ES,2022-07-09 22:00:47,28.4204,-14.0131,83.19,45,20,14.97
233,Knysna,ZA,2022-07-09 22:00:48,-34.0363,23.0471,60.15,78,56,2.89
234,Bayan,CN,2022-07-09 22:00:48,46.0833,127.4,66.47,74,0,3.98
235,Stabat,ID,2022-07-09 22:00:48,3.761,98.4513,78.19,89,100,2.95
236,Chiredzi,ZW,2022-07-09 22:00:49,-21.05,31.6667,58.21,61,0,4.61
237,Hanzhong,CN,2022-07-09 22:00:49,33.0728,107.0303,76.14,79,87,0.56
238,Nikolskoye,RU,2022-07-09 22:00:49,59.7035,30.7861,59.81,97,80,4.03
239,Puerto Escondido,MX,2022-07-09 21:57:27,15.85,-97.0667,84.74,79,21,6.87
240,Piacabucu,BR,2022-07-09 22:00:50,-10.4056,-36.4344,74.08,87,44,15.12
241,Batemans Bay,AU,2022-07-09 22:00:50,-35.7167,150.1833,52.11,86,76,10.85
242,Chibombo,ZM,2022-07-09 22:00:50,-14.6569,28.0706,53.65,67,3,6.2
243,Vila Velha,BR,2022-07-09 22:00:51,-20.3297,-40.2925,69.94,88,57,7.9
244,Lujan,AR,2022-07-09 22:00:51,-34.5703,-59.105,63.95,80,99,11.48
245,Plyussa,RU,2022-07-09 22:00:51,58.4308,29.3654,55.56,94,41,2.95
246,Tabou,CI,2022-07-09 22:00:51,4.423,-7.3528,76.23,79,99,10.78
247,Artesia,US,2022-07-09 22:00:17,33.8658,-118.0831,98.83,55,6,7.0
248,Vaitape,PF,2022-07-09 22:00:52,-16.5167,-151.75,78.22,74,91,18.48
249,Makat,KZ,2022-07-09 22:00:52,47.6469,53.3463,82.13,34,73,10.83
250,Komsomolskiy,UZ,2022-07-09 22:00:52,40.4272,71.7189,74.01,34,80,2.44
251,Yulara,AU,2022-07-09 22:00:53,-25.2406,130.9889,39.78,70,0,6.69
252,Havoysund,NO,2022-07-09 22:00:53,70.9963,24.6622,53.83,87,44,6.69
253,La Ronge,CA,2022-07-09 22:00:18,55.1001,-105.2842,76.6,34,45,9.26
254,Tasiilaq,GL,2022-07-09 22:00:53,65.6145,-37.6368,46.56,80,99,1.45
255,Bilibino,RU,2022-07-09 22:00:54,68.0546,166.4372,39.72,92,100,5.37
256,Naze,JP,2022-07-09 22:00:54,28.3667,129.4833,79.65,88,10,8.41
257,Bambous Virieux,MU,2022-07-09 22:00:54,-20.3428,57.7575,68.25,77,40,11.5
258,Thai Nguyen,VN,2022-07-09 22:00:55,21.5928,105.8442,78.58,95,12,1.79
259,Tuapse,RU,2022-07-09 22:00:55,44.1125,39.0742,69.35,87,0,2.86
260,Salalah,OM,2022-07-09 22:00:55,17.0151,54.0924,77.81,93,100,11.7
261,Tezu,IN,2022-07-09 22:00:56,27.9167,96.1667,76.51,89,52,3.29
262,Katsuura,JP,2022-07-09 22:00:56,35.1333,140.3,75.36,92,100,12.48
263,Donskoye,RU,2022-07-09 22:00:56,45.4552,41.9741,75.33,35,32,10.92
264,Caravelas,BR,2022-07-09 22:00:57,-17.7125,-39.2481,70.41,79,0,4.99
265,Matara,LK,2022-07-09 22:00:57,5.9485,80.5353,79.99,81,99,14.83
266,Vila Franca Do Campo,PT,2022-07-09 22:00:57,37.7167,-25.4333,69.19,83,22,7.36
267,Pacific Grove,US,2022-07-09 22:00:57,36.6177,-121.9166,81.25,78,12,8.01
268,Rundu,NA,2022-07-09 22:00:58,-17.9333,19.7667,54.97,46,0,3.29
269,San Pedro,PH,2022-07-09 21:56:19,14.35,121.0167,81.36,91,75,2.3
270,Port Hawkesbury,CA,2022-07-09 22:00:58,45.6169,-61.3485,66.9,62,20,8.01
271,Gat,IL,2022-07-09 21:57:02,31.61,34.7642,76.41,100,0,3.22
272,Jiehu,CN,2022-07-09 22:00:58,35.5428,118.455,76.37,85,81,2.91
273,Le Havre,FR,2022-07-09 22:00:59,49.4938,0.1077,64.15,82,0,6.91
274,Qaqortoq,GL,2022-07-09 22:00:59,60.7167,-46.0333,43.83,89,20,2.06
275,Hue,VN,2022-07-09 22:01:59,16.4667,107.6,78.91,89,40,5.75
276,Talnakh,RU,2022-07-09 22:02:00,69.4865,88.3972,45.21,90,100,18.72
277,Vitez,BA,2022-07-09 22:02:00,44.1544,17.7903,57.15,73,38,3.22
278,Puerto Penasco,MX,2022-07-09 22:02:00,31.3167,-113.5333,91.9,53,43,5.99
279,Tomatlan,MX,2022-07-09 22:02:01,19.9333,-105.25,90.79,53,69,8.05
280,Khash,IR,2022-07-09 22:02:01,28.2211,61.2158,82.49,32,86,2.89
281,Marienburg,PL,2022-07-09 22:02:01,54.0359,19.0266,57.87,87,6,8.86
282,Novaya Igirma,RU,2022-07-09 22:02:02,57.1334,103.9112,54.82,94,89,2.48
283,Trincomalee,LK,2022-07-09 22:02:02,8.5711,81.2335,81.82,73,100,19.17
284,Mahajanga,MG,2022-07-09 22:02:02,-15.7167,46.3167,64.42,68,0,4.61
285,Usogorsk,RU,2022-07-09 22:02:02,63.4106,48.6872,61.74,61,90,0.56
286,Hovd,MN,2022-07-09 22:02:03,48.0056,91.6419,59.67,54,50,3.29
287,Saint-Pierre,RE,2022-07-09 22:00:05,-21.3393,55.4781,67.91,68,0,16.11
288,Padilla,CO,2022-07-09 22:02:03,3.2204,-76.3139,81.97,75,96,1.21
289,Salinopolis,BR,2022-07-09 22:02:04,-0.6136,-47.3561,77.29,86,72,10.4
290,Baykit,RU,2022-07-09 22:02:04,61.67,96.37,59.18,93,100,2.75
291,Flinders,AU,2022-07-09 22:02:04,-34.5833,150.8552,55.18,84,99,5.99
292,Juruti,BR,2022-07-09 22:02:04,-2.1522,-56.0922,81.25,67,21,2.62
293,Cap Malheureux,MU,2022-07-09 22:02:05,-19.9842,57.6142,65.46,77,46,7.0
294,Bambanglipuro,ID,2022-07-09 22:02:05,-7.95,110.2833,73.99,85,13,7.85
295,Adrar,MR,2022-07-09 22:02:05,20.5022,-10.0711,101.91,11,28,7.85
296,Kidal,ML,2022-07-09 22:02:06,18.4411,1.4078,94.3,10,2,6.24
297,Bethel,US,2022-07-09 21:57:12,41.3712,-73.414,85.46,38,7,1.01
298,Nishihara,JP,2022-07-09 22:02:06,26.1842,127.7558,83.68,89,20,9.22
299,Sakaiminato,JP,2022-07-09 22:02:06,35.55,133.2333,76.93,90,46,5.37
300,Porto Velho,BR,2022-07-09 22:02:06,-8.7619,-63.9039,84.25,61,0,5.75
301,Iraucuba,BR,2022-07-09 22:02:07,-3.7461,-39.7833,77.86,58,84,5.35
302,Gimli,CA,2022-07-09 22:02:07,50.6336,-96.9907,78.35,79,91,18.37
303,Merauke,ID,2022-07-09 22:02:07,-8.4667,140.3333,76.98,87,37,11.68
304,Falavarjan,IR,2022-07-09 22:02:07,32.5553,51.5097,79.81,13,9,3.89
305,Ipanema,BR,2022-07-09 22:02:08,-30.1391,-51.2244,71.02,80,90,4.88
306,San Rafael,AR,2022-07-09 22:02:08,-34.6177,-68.3301,55.17,25,76,11.16
307,Sayansk,RU,2022-07-09 22:02:08,54.1088,102.1648,53.2,93,100,3.44
308,Yukuhashi,JP,2022-07-09 22:02:09,33.7287,130.983,80.26,88,14,3.22
309,Tacoronte,ES,2022-07-09 22:02:09,28.4769,-16.4102,79.12,92,0,17.27
310,Saint Stephen,GB,2022-07-09 22:02:09,50.3333,-4.9,61.21,94,0,5.75
311,Mae Sai,TH,2022-07-09 22:02:09,20.4335,99.8762,72.25,99,100,1.5
312,Alepe,CI,2022-07-09 22:02:10,5.5004,-3.6631,78.67,95,92,3.2
313,Denpasar,ID,2022-07-09 22:00:14,-8.65,115.2167,80.26,83,75,12.66
314,Vanavara,RU,2022-07-09 22:02:10,60.34,102.2797,55.09,77,14,0.63
315,Bahce,TR,2022-07-09 22:02:10,37.1972,36.5766,68.59,92,40,6.53
316,Marzuq,YE,2022-07-09 22:02:11,14.4,46.4667,79.02,44,100,4.9
317,Avera,US,2022-07-09 21:58:53,33.194,-82.5271,78.85,61,94,9.06
318,Boma,GH,2022-07-09 22:02:11,7.0805,-2.1697,71.24,99,100,2.98
319,Vao,NC,2022-07-09 22:03:11,-22.6667,167.4833,77.18,73,48,18.54
320,Porto Novo,BJ,2022-07-09 22:03:12,6.4965,2.6036,73.8,92,100,3.67
321,Leh,IN,2022-07-09 22:00:42,34.1667,77.5833,60.28,62,67,4.72
322,Msanga,TZ,2022-07-09 22:03:12,-6.05,36.0333,58.84,68,2,5.06
323,Prievidza,SK,2022-07-09 22:03:12,48.7745,18.6275,60.22,82,100,4.29
324,Abilene,US,2022-07-09 22:03:02,32.4487,-99.7331,102.18,26,40,14.97
325,Nhulunbuy,AU,2022-07-09 22:03:13,-12.2333,136.7667,72.21,73,100,10.36
326,Kargasok,RU,2022-07-09 22:03:13,59.0556,80.8572,63.07,74,99,6.11
327,Puerto Carreno,CO,2022-07-09 22:03:13,6.189,-67.4859,82.09,80,93,3.69
328,Ayan,RU,2022-07-09 22:03:13,56.45,138.1667,61.09,79,81,9.64
329,Kigoma,TZ,2022-07-09 22:03:14,-4.8769,29.6267,73.44,64,43,3.89
330,Turukhansk,RU,2022-07-09 22:03:14,65.8167,87.9833,54.27,92,54,12.44
331,Carman,CA,2022-07-09 22:00:28,49.4992,-98.0016,85.89,68,27,12.35
332,Sabang,ID,2022-07-09 22:03:14,5.8933,95.3214,82.89,79,100,22.46
333,Hualmay,PE,2022-07-09 22:03:14,-11.0964,-77.6139,64.83,77,20,11.3
334,Bitung,ID,2022-07-09 22:03:15,1.4451,125.1824,76.05,84,100,9.84
335,Margate,GB,2022-07-09 22:03:15,51.3813,1.3862,62.31,84,15,1.01
336,Road Town,VG,2022-07-09 22:02:11,18.4167,-64.6167,84.24,79,20,11.5
337,Kamaishi,JP,2022-07-09 22:03:15,39.2667,141.8833,72.73,83,60,3.47
338,Lavrentiya,RU,2022-07-09 22:03:16,65.5833,-171.0,52.09,78,100,11.54
339,Manono,CD,2022-07-09 22:03:16,-7.3,27.4167,70.02,43,0,3.69
340,Namibe,AO,2022-07-09 22:03:16,-15.1961,12.1522,62.91,82,0,3.56
341,Gamba,GA,2022-07-09 22:03:16,-2.65,10.0,68.83,91,80,6.33
342,Diffa,NE,2022-07-09 22:03:17,13.3154,12.6113,88.21,42,72,8.99
343,Guaratinga,BR,2022-07-09 22:03:17,-16.5667,-39.5667,65.52,87,10,3.53
344,Turayf,SA,2022-07-09 22:03:17,31.6725,38.6637,76.69,33,0,12.46
345,Tarbagatay,RU,2022-07-09 22:03:17,51.4803,107.3602,51.33,72,15,3.76
346,Narsaq,GL,2022-07-09 22:03:18,60.9167,-46.05,46.06,86,24,4.07
347,Tenosique,MX,2022-07-09 22:03:18,17.4833,-91.4333,91.76,53,69,6.26
348,Cedro,BR,2022-07-09 22:03:18,-6.6067,-39.0622,77.65,52,79,3.13
349,Sharkan,RU,2022-07-09 22:03:19,57.2989,53.8712,65.34,86,91,1.97
350,Iqaluit,CA,2022-07-09 22:00:16,63.7506,-68.5145,40.69,80,82,11.01
351,Dalbandin,PK,2022-07-09 22:03:19,28.8947,64.4101,88.75,47,64,5.59
352,Saskylakh,RU,2022-07-09 22:03:19,71.9167,114.0833,50.4,74,100,7.11
353,Huarmey,PE,2022-07-09 22:03:19,-10.0681,-78.1522,66.09,77,10,10.78
354,Kavkazskiy,RU,2022-07-09 22:03:20,44.2672,42.2347,61.9,80,4,1.74
355,Kavaratti,IN,2022-07-09 22:03:20,10.5669,72.642,81.18,81,97,21.18
356,Half Moon Bay,US,2022-07-09 22:03:20,37.4636,-122.4286,84.9,74,75,18.41
357,Touros,BR,2022-07-09 22:03:21,-5.1989,-35.4608,76.44,83,9,12.48
358,Cabra,ES,2022-07-09 22:03:21,37.4725,-4.4421,77.29,39,0,7.83
359,Semypolky,UA,2022-07-09 22:03:21,50.7167,30.9333,64.94,86,48,6.67
360,Alta Gracia,AR,2022-07-09 22:03:21,-31.6529,-64.4283,73.36,24,0,10.76
361,Faya,SA,2022-07-09 22:00:53,18.3851,42.4509,67.44,45,100,6.51
362,Burla,IN,2022-07-09 22:03:22,21.5,83.8667,78.37,88,96,4.5
363,Itarema,BR,2022-07-09 22:03:22,-2.9248,-39.9167,78.31,78,100,14.0
364,Vyartsilya,RU,2022-07-09 22:03:22,62.1764,30.693,59.61,100,89,6.4
365,Camenca,MD,2022-07-09 22:03:23,48.0319,28.6978,61.68,71,28,6.4
366,Bahia Honda,CU,2022-07-09 22:04:23,22.9036,-83.1592,85.42,66,29,3.22
367,Voh,NC,2022-07-09 22:03:12,-20.9667,164.7,78.44,73,86,6.71
368,Isilkul,RU,2022-07-09 22:04:23,54.9109,71.2728,63.52,86,76,7.45
369,Damaturu,NG,2022-07-09 22:04:23,11.747,11.9608,82.45,58,48,10.83
370,Arlit,NE,2022-07-09 22:04:24,18.7369,7.3853,92.14,9,3,10.09
371,Puerto Colombia,CO,2022-07-09 22:04:24,10.9878,-74.9547,83.14,82,93,17.22
372,Wad Rawah,SD,2022-07-09 22:04:24,15.1603,33.1397,85.71,54,100,12.46
373,Tambo,PE,2022-07-09 22:04:25,-14.8,-73.9167,42.55,53,90,3.8
374,Hofn,IS,2022-07-09 22:04:25,64.2539,-15.2082,51.1,89,100,5.75
375,Misratah,LY,2022-07-09 22:04:25,32.3754,15.0925,79.75,58,0,8.5
376,Mount Gambier,AU,2022-07-09 22:04:25,-37.8333,140.7667,33.71,93,100,5.75
377,Tiznit,MA,2022-07-09 22:04:25,29.5833,-9.5,90.43,19,34,0.85
378,Humaita,BR,2022-07-09 22:04:26,-7.5061,-63.0208,83.1,58,71,2.15
379,Katobu,ID,2022-07-09 22:04:26,-4.9408,122.5276,73.51,94,10,5.06
380,Ola,RU,2022-07-09 22:04:26,59.5833,151.2833,75.15,84,65,2.37
381,Muros,ES,2022-07-09 22:04:27,42.7762,-9.0603,76.15,72,0,4.63
382,Emerald,AU,2022-07-09 22:04:27,-23.5333,148.1667,46.35,74,0,9.53
383,Guerrero Negro,MX,2022-07-09 22:04:27,27.9769,-114.0611,77.07,58,13,19.13
384,Meulaboh,ID,2022-07-09 22:04:27,4.1363,96.1285,75.76,89,100,3.96
385,Mangochi,MW,2022-07-09 22:04:28,-14.4782,35.2645,62.94,60,13,4.63
386,Hay River,CA,2022-07-09 22:00:17,60.8156,-115.7999,64.36,82,75,2.3
387,Teahupoo,PF,2022-07-09 22:04:28,-17.8333,-149.2667,78.76,70,87,16.37
388,Mount Isa,AU,2022-07-09 22:01:11,-20.7333,139.5,47.97,57,0,8.05
389,Pahalgam,IN,2022-07-09 22:04:28,34.0333,75.3333,58.28,90,41,2.48
390,Cascais,PT,2022-07-09 22:04:28,38.6979,-9.4215,83.55,70,0,11.48
391,Gbarnga,LR,2022-07-09 22:04:29,6.9956,-9.4722,70.27,99,100,2.98
392,Viedma,AR,2022-07-09 22:04:29,-40.8135,-62.9967,50.72,57,82,9.78
393,Sotouboua,TG,2022-07-09 22:04:29,8.5667,0.9833,69.93,98,100,2.53
394,Birao,CF,2022-07-09 22:04:29,10.2849,22.7882,76.46,69,100,3.67
395,Odda,NO,2022-07-09 22:04:30,60.0691,6.5457,55.78,98,100,4.34
396,Nchelenge,ZM,2022-07-09 22:04:30,-9.3451,28.734,66.31,52,34,7.87
397,Esmeraldas,BR,2022-07-09 22:04:30,-19.7625,-44.3139,68.86,49,3,6.89
398,Mnogovershinnyy,RU,2022-07-09 22:04:30,53.9353,139.9242,74.37,61,27,4.03
399,Funadhoo,MV,2022-07-09 22:04:31,6.15,73.2667,81.46,80,99,16.55
400,Pizarro,CO,2022-07-09 22:04:31,4.9533,-77.366,79.18,88,94,9.91
401,Burlington,US,2022-07-09 22:04:15,39.8835,-74.6413,78.94,65,20,3.44
402,Tonekabon,IR,2022-07-09 22:04:31,36.8163,50.8738,78.13,52,0,2.3
403,Prince Rupert,CA,2022-07-09 22:03:28,54.3161,-130.3201,59.09,88,100,6.91
404,Zhigansk,RU,2022-07-09 22:04:31,66.7697,123.3711,53.44,68,100,7.9
405,Yamethin,MM,2022-07-09 22:04:32,20.4333,96.15,74.59,92,82,6.91
406,Manokwari,ID,2022-07-09 22:04:32,-0.8667,134.0833,78.22,78,29,1.14
407,Salima,MW,2022-07-09 22:04:32,-13.7804,34.4587,66.22,60,73,2.44
408,Ternate,ID,2022-07-09 22:04:32,0.8,127.4,79.81,79,69,3.06
409,Bathurst,AU,2022-07-09 22:00:17,-33.4166,149.5806,42.82,92,96,5.06
410,Tumwater,US,2022-07-09 22:03:21,47.0073,-122.9093,78.28,53,20,6.91
411,Freeport,US,2022-07-09 22:03:10,40.6576,-73.5832,85.3,51,0,10.36
412,Riyadh,SA,2022-07-09 22:00:56,24.6877,46.7219,91.6,13,100,8.93
413,The Valley,AI,2022-07-09 22:05:33,18.217,-63.0578,84.34,74,20,14.97
414,Guapiacu,BR,2022-07-09 22:05:33,-20.795,-49.2203,70.47,34,5,5.08
415,Saint Anthony,US,2022-07-09 22:05:33,45.0205,-93.218,85.89,53,100,14.97
416,Raga,SS,2022-07-09 22:05:34,8.4596,25.678,69.39,94,92,4.03
417,Aklavik,CA,2022-07-09 22:04:40,68.2191,-135.0107,71.24,46,35,13.76
418,Belmonte,BR,2022-07-09 22:05:34,-15.8631,-38.8828,71.94,80,10,8.81
419,Camopi,GF,2022-07-09 22:05:34,3.1655,-52.3158,73.33,98,73,2.42
420,Ohara,JP,2022-07-09 22:05:34,35.25,140.3833,74.95,92,100,12.55
421,Bengkulu,ID,2022-07-09 22:05:35,-3.8004,102.2655,74.05,87,10,4.23
422,Lethem,GY,2022-07-09 22:05:35,3.3803,-59.7968,79.72,84,70,6.26
423,Ca Mau,VN,2022-07-09 22:05:13,9.1769,105.15,77.32,87,100,10.71
424,Kanadey,RU,2022-07-09 22:05:35,53.1679,47.5264,66.79,81,89,1.74
425,Necochea,AR,2022-07-09 22:05:36,-38.5473,-58.7368,52.72,91,93,9.48
426,Mushie,CD,2022-07-09 22:05:36,-3.0167,16.9,77.11,36,87,3.6
427,Zhanaozen,KZ,2022-07-09 22:05:36,43.3,52.8,80.83,21,5,9.57
428,Ilhabela,BR,2022-07-09 22:05:36,-23.7781,-45.3581,65.98,91,7,4.97
429,Mount Pleasant,US,2022-07-09 22:05:37,32.7941,-79.8626,89.13,83,0,17.27
430,Borovskoy,KZ,2022-07-09 22:05:37,53.8,64.15,66.49,64,82,3.49
431,Southbridge,US,2022-07-09 22:03:15,42.0751,-72.0334,83.39,37,1,4.41
432,Clyde,US,2022-07-09 22:05:37,41.3042,-82.9752,76.91,56,1,13.85
433,Ponto Novo,BR,2022-07-09 22:05:37,-10.8628,-40.1336,71.01,75,11,11.83
434,Tocopilla,CL,2022-07-09 22:01:38,-22.092,-70.1979,63.72,72,100,6.85
435,Ratnagiri,IN,2022-07-09 22:05:38,16.9833,73.3,79.95,85,100,18.63
436,Korla,CN,2022-07-09 22:05:38,41.7597,86.1469,78.44,23,74,9.98
437,Torrington,US,2022-07-09 22:05:38,41.8007,-73.1212,84.61,41,2,1.99
438,Kenai,US,2022-07-09 22:05:39,60.5544,-151.2583,69.89,56,75,10.36
439,Dakar,SN,2022-07-09 22:02:19,14.6937,-17.4441,79.68,82,77,11.99
440,Killybegs,IE,2022-07-09 22:05:39,54.6333,-8.45,57.58,96,81,2.53
441,Wattegama,LK,2022-07-09 22:05:39,6.7989,81.4808,78.08,68,100,4.21
442,Angoche,MZ,2022-07-09 22:05:39,-16.2325,39.9086,70.48,79,3,5.26
443,Ust-Charyshskaya Pristan,RU,2022-07-09 22:05:40,52.3934,83.6635,57.47,94,44,2.8
444,Karratha,AU,2022-07-09 22:05:40,-20.7377,116.8463,61.45,31,1,6.42
445,Tautira,PF,2022-07-09 22:01:12,-17.7333,-149.15,76.8,70,69,16.49
446,Grand-Santi,GF,2022-07-09 22:05:40,4.25,-54.3833,73.33,97,100,1.63
447,Ewa Beach,US,2022-07-09 22:02:41,21.3156,-158.0072,83.98,67,100,18.01
448,Hirara,JP,2022-07-09 22:05:40,24.8,125.2833,82.67,89,75,8.05
449,Los Aquijes,PE,2022-07-09 22:05:41,-14.0967,-75.6908,75.29,40,38,6.29
450,Ferme-Neuve,CA,2022-07-09 22:05:41,46.7001,-75.4493,70.7,46,57,4.9
451,Agogo,GH,2022-07-09 22:05:41,6.8,-1.0819,69.6,96,100,4.09
452,Arrecife,ES,2022-07-09 22:05:41,28.963,-13.5477,76.98,73,0,16.11
453,Anito,PH,2022-07-09 22:05:42,12.4497,125.2886,76.84,92,93,4.79
454,Uddevalla,SE,2022-07-09 22:05:42,58.3478,11.9424,59.36,88,9,2.75
455,Dalvik,IS,2022-07-09 22:05:42,65.9702,-18.5286,55.62,80,98,3.4
456,Zambezi,ZM,2022-07-09 22:05:43,-13.5432,23.1047,54.54,51,0,4.12
457,Port Charlotte,US,2022-07-09 22:04:47,26.9762,-82.0906,90.01,75,20,8.01
458,Karlstadt,DE,2022-07-09 22:05:43,49.9603,9.7722,61.68,83,89,4.94
459,Kachiry,KZ,2022-07-09 22:05:43,53.0675,76.1036,64.74,78,33,8.75
460,Bilma,NE,2022-07-09 22:05:43,18.6853,12.9164,91.81,22,17,9.82
461,Husavik,IS,2022-07-09 22:06:44,66.0449,-17.3389,54.84,80,97,3.8
462,Chokwe,MZ,2022-07-09 22:06:44,-24.5333,32.9833,66.65,69,70,5.21
463,Berlevag,NO,2022-07-09 22:06:44,70.8578,29.0864,55.35,76,100,5.75
464,Gorele,TR,2022-07-09 22:06:44,41.0308,39.0031,70.56,85,0,3.58
465,Niono,ML,2022-07-09 22:06:45,14.2526,-5.993,95.27,33,61,9.66
466,Westport,US,2022-07-09 22:06:45,41.1415,-73.3579,85.89,48,0,8.05
467,Camacha,PT,2022-07-09 22:02:40,33.0833,-16.3333,65.62,88,40,19.57
468,Scarborough,GB,2022-07-09 22:06:03,54.2797,-0.4044,61.34,77,16,6.64
469,Sabha,LY,2022-07-09 22:06:45,27.0377,14.4283,91.08,18,5,7.85
470,Gigmoto,PH,2022-07-09 22:06:45,13.7796,124.39,80.22,85,100,3.71
471,Sorland,NO,2022-07-09 22:06:46,67.667,12.6934,51.66,84,93,8.55
472,Saint George,US,2022-07-09 22:06:46,37.1041,-113.5841,107.64,10,0,18.41
473,Cururupu,BR,2022-07-09 22:06:46,-1.8283,-44.8683,74.17,91,61,3.06
474,Antalaha,MG,2022-07-09 22:04:40,-14.9003,50.2788,67.86,86,56,10.98
475,Parana,AR,2022-07-09 22:06:46,-31.732,-60.5238,76.55,71,0,11.83
476,Vrangel,RU,2022-07-09 22:06:47,42.7297,133.0839,65.55,85,11,3.53
477,Soto La Marina,MX,2022-07-09 22:06:47,23.7667,-98.2167,93.78,38,54,18.01
478,Bay Roberts,CA,2022-07-09 22:06:47,47.5999,-53.2648,65.05,64,75,4.0
479,Nome,US,2022-07-09 22:01:58,64.5011,-165.4064,72.1,51,0,13.02
480,Thoen,TH,2022-07-09 22:06:47,17.6129,99.2161,74.95,99,100,2.06
481,Moctezuma,MX,2022-07-09 22:04:27,29.8,-109.6667,101.97,21,17,3.62
482,Ponta Delgada,PT,2022-07-09 22:06:48,37.7333,-25.6667,69.49,82,75,6.91
483,Saint-Esteve,FR,2022-07-09 22:06:48,42.7131,2.843,85.82,31,0,14.97
484,Male,MV,2022-07-09 22:05:46,4.1748,73.5089,82.0,76,100,12.82
485,Port Lincoln,AU,2022-07-09 22:06:48,-34.7333,135.8667,48.16,79,50,13.29
486,Inhambane,MZ,2022-07-09 22:06:49,-23.865,35.3833,66.43,76,0,7.72
487,Christiana,ZA,2022-07-09 22:03:52,-27.914,25.1611,51.66,54,1,10.65
488,Marsh Harbour,BS,2022-07-09 22:05:30,26.5412,-77.0636,83.71,69,27,6.35
489,Lashio,MM,2022-07-09 22:06:49,22.9333,97.75,67.89,100,92,0.54
490,Okhotsk,RU,2022-07-09 22:06:49,59.3833,143.3,64.31,67,81,4.14
491,Nieuw Nickerie,SR,2022-07-09 22:06:49,5.95,-56.9833,79.75,82,80,8.12
492,West Des Moines,US,2022-07-09 22:06:50,41.572,-93.7453,85.89,60,40,8.05
493,Campechuela,CU,2022-07-09 22:06:50,20.2342,-77.2789,84.61,71,93,7.7
494,Trofors,NO,2022-07-09 22:06:50,65.5333,13.4063,48.07,90,98,3.71
495,Kieta,PG,2022-07-09 22:06:50,-6.2167,155.6333,81.63,73,68,6.89
496,Waipawa,NZ,2022-07-09 22:06:51,-41.4122,175.5153,44.67,65,100,9.33
497,Dalian,CN,2022-07-09 22:06:51,38.9122,121.6022,75.13,94,40,2.24
498,Novoagansk,RU,2022-07-09 22:06:51,61.9449,76.6625,62.38,77,22,7.67
499,Masuguru,TZ,2022-07-09 22:06:51,-11.3667,38.4167,71.53,61,56,6.35
500,Luwuk,ID,2022-07-09 22:06:52,-0.9516,122.7875,75.54,91,56,3.8
501,Krasnoarmeysk,RU,2022-07-09 22:06:52,51.0239,45.6969,68.49,50,75,5.14
502,Peebles,GB,2022-07-09 22:06:52,55.6519,-3.1888,60.13,81,14,1.01
503,Berezovyy,RU,2022-07-09 22:06:52,51.6667,135.7,73.65,84,92,0.85
504,Jangipur,IN,2022-07-09 22:06:53,24.4667,88.0667,81.21,83,9,7.96
505,Srednekolymsk,RU,2022-07-09 22:06:53,67.45,153.6833,54.45,52,9,5.35
506,Bella Vista,US,2022-07-09 22:06:53,36.4295,-94.2316,93.47,55,100,10.36
507,Thunder Bay,CA,2022-07-09 22:05:06,48.4001,-89.3168,71.1,44,35,10.11
508,Hidrolandia,BR,2022-07-09 22:06:53,-4.4081,-40.4378,78.31,49,95,4.45
509,Montrose,US,2022-07-09 22:06:54,38.4166,-108.2673,89.01,14,49,10.94
510,Kedrovyy,RU,2022-07-09 22:07:54,56.1667,91.8167,50.41,87,53,1.99
511,Clyde River,CA,2022-07-09 22:07:54,70.4692,-68.5914,46.24,67,35,2.77
512,Jam Sahib,PK,2022-07-09 22:07:54,26.2958,68.6292,84.22,75,99,16.58
513,Vardo,NO,2022-07-09 22:07:55,70.3705,31.1107,48.18,93,99,6.91
514,Novyy Karachay,RU,2022-07-09 22:07:55,43.8208,41.9032,58.42,90,0,6.53
515,Koumac,NC,2022-07-09 22:07:55,-20.5667,164.2833,77.88,77,80,5.84
516,Erenhot,CN,2022-07-09 22:07:55,43.6475,111.9767,72.97,29,34,4.79
517,Arman,RU,2022-07-09 22:07:56,59.7,150.1667,75.02,79,44,2.26
518,Batagay,RU,2022-07-09 22:07:56,67.6333,134.6333,53.06,70,100,4.41
519,Lenart,SI,2022-07-09 22:07:56,46.5761,15.8313,62.69,70,92,0.0
520,Ozernovskiy,RU,2022-07-09 22:07:56,51.5,156.5167,55.8,94,100,11.25
521,Yushan,CN,2022-07-09 22:07:57,31.3776,120.9543,85.91,82,72,3.78
522,Tessalit,ML,2022-07-09 22:06:41,20.1986,1.0114,93.72,9,100,2.66
523,San Jose,US,2022-07-09 22:05:02,37.3394,-121.895,87.26,51,0,16.11
524,Alyangula,AU,2022-07-09 22:07:57,-13.8483,136.4192,69.33,62,7,16.13
525,Wahiawa,US,2022-07-09 22:07:57,21.5028,-158.0236,80.92,72,100,10.36
526,Marsala,IT,2022-07-09 22:07:57,37.7966,12.4352,73.94,64,0,13.0
527,Manavgat,TR,2022-07-09 22:07:58,36.7867,31.4431,76.26,77,0,6.26
528,Sao Gabriel Da Cachoeira,BR,2022-07-09 22:07:58,-0.1303,-67.0892,72.46,99,100,0.83
529,Biak,ID,2022-07-09 22:07:58,-0.9131,122.8766,74.23,90,65,5.06
530,Kurovskoye,RU,2022-07-09 22:07:58,55.5783,38.9108,67.89,94,99,4.34
531,Tuatapere,NZ,2022-07-09 22:07:59,-46.1333,167.6833,37.33,79,22,3.69
532,Aquiraz,BR,2022-07-09 22:07:59,-3.9014,-38.3911,80.69,82,73,10.89
533,Springfield,US,2022-07-09 22:04:21,37.2153,-93.2982,84.65,70,100,13.8
534,Balao,EC,2022-07-09 22:07:59,-2.9167,-79.8167,77.34,75,98,6.87
535,Pevek,RU,2022-07-09 22:08:00,69.7008,170.3133,32.32,97,100,15.23
536,Fortuna,US,2022-07-09 22:08:00,40.5982,-124.1573,70.93,74,20,5.99
537,Kirakira,SB,2022-07-09 22:08:00,-10.4544,161.9205,81.84,77,21,5.82
538,Henties Bay,NA,2022-07-09 22:08:00,-22.116,14.2845,56.07,91,0,7.74
539,Fairbanks,US,2022-07-09 22:05:32,64.8378,-147.7164,71.56,56,0,0.0
540,Kibaya,TZ,2022-07-09 22:08:01,-5.3,36.5667,51.24,82,28,5.08
541,Jalu,LY,2022-07-09 22:08:01,29.0331,21.5482,79.79,60,0,18.34
542,Lenti,HU,2022-07-09 22:08:01,46.624,16.5386,65.64,67,92,9.13
543,Ucluelet,CA,2022-07-09 22:08:01,48.9329,-125.5528,67.08,76,94,3.0
544,Kudahuvadhoo,MV,2022-07-09 22:08:02,2.6708,72.8944,82.22,77,100,13.69
545,Maua,BR,2022-07-09 22:08:02,-23.6678,-46.4614,64.36,89,32,4.59
546,Copiapo,CL,2022-07-09 22:08:02,-27.3667,-70.3333,55.09,63,0,3.8
547,Moron,AR,2022-07-09 22:08:03,-34.6534,-58.6198,63.93,88,95,9.1
548,Yelizovo,RU,2022-07-09 22:08:03,53.1873,158.3805,80.74,65,0,7.0
549,Lombardia,MX,2022-07-09 22:08:03,19.15,-102.0333,85.05,66,100,2.3
550,Maniitsoq,GL,2022-07-09 22:08:03,65.4167,-52.9,40.8,90,100,10.29
551,Deputatskiy,RU,2022-07-09 22:03:25,69.3,139.9,48.65,67,38,5.3
552,Halifax,CA,2022-07-09 22:03:35,44.6453,-63.5724,74.34,46,3,7.0
553,Shira,RU,2022-07-09 22:08:04,54.4911,89.9531,53.35,90,12,3.76
554,Bulgan,MN,2022-07-09 22:08:04,48.8125,103.5347,51.48,91,100,0.27
555,Valtotopion,GR,2022-07-09 22:08:04,41.0,23.6,69.21,85,100,10.0
556,Storforshei,NO,2022-07-09 22:08:04,66.4043,14.5233,53.38,76,100,6.91
557,Cvikov,CZ,2022-07-09 22:09:05,50.7767,14.633,57.07,95,33,4.83
558,Mandan,US,2022-07-09 22:09:05,46.8267,-100.8896,92.37,62,20,11.5
559,Morondava,MG,2022-07-09 22:09:05,-20.2833,44.2833,68.92,53,0,13.96
560,Chute-Aux-Outardes,CA,2022-07-09 22:09:06,49.1168,-68.399,61.32,51,75,12.15
561,Praia Da Vitoria,PT,2022-07-09 22:09:06,38.7333,-27.0667,67.75,79,71,9.66
562,Hihya,EG,2022-07-09 22:09:06,30.6713,31.588,75.92,66,2,3.69
563,Klyuchi,RU,2022-07-09 22:09:07,52.2667,79.1667,62.06,88,77,6.89
564,Hattiesburg,US,2022-07-09 22:09:07,31.3271,-89.2903,95.45,65,0,8.05
565,Chulman,RU,2022-07-09 22:09:07,56.8479,124.9104,58.55,96,100,2.28
566,Ornskoldsvik,SE,2022-07-09 22:09:07,63.2909,18.7153,52.75,100,75,4.61
567,Port Hardy,CA,2022-07-09 22:09:08,50.6996,-127.4199,61.68,79,100,2.55
568,Havre De Grace,US,2022-07-09 22:09:08,39.5493,-76.0916,73.42,93,100,3.18
569,Atambua,ID,2022-07-09 22:09:08,-9.1061,124.8925,69.31,87,95,5.59
570,Urucara,BR,2022-07-09 22:09:09,-2.5364,-57.76,79.7,75,96,0.25
571,Babu,CN,2022-07-09 22:09:09,24.4167,111.5167,77.25,91,43,1.92
572,Fort Frances,CA,2022-07-09 22:09:09,48.5999,-93.4003,80.17,46,0,9.22
573,Oriximina,BR,2022-07-09 22:09:09,-1.7656,-55.8661,79.88,73,76,2.93
574,Machilipatnam,IN,2022-07-09 22:09:10,16.1667,81.1333,77.34,81,82,23.04
575,Uvira,CD,2022-07-09 22:09:10,-3.4067,29.1458,72.12,70,41,0.78
576,Senanga,ZM,2022-07-09 22:09:10,-16.1167,23.2667,54.68,51,1,4.41
577,Lae,PG,2022-07-09 22:09:10,-6.7221,146.9847,79.61,68,72,5.53
578,Teguise,ES,2022-07-09 22:09:11,29.0605,-13.564,73.62,73,0,16.11
579,Ilulissat,GL,2022-07-09 22:09:11,69.2167,-51.1,51.82,71,95,4.61
580,Amazar,RU,2022-07-09 22:09:11,53.858,120.875,57.72,98,99,1.05
581,Sao Miguel Do Araguaia,BR,2022-07-09 22:09:11,-13.275,-50.1628,79.43,30,0,4.03
582,Dabou,CI,2022-07-09 22:09:12,5.3256,-4.3769,75.87,86,100,10.0
583,Hirtshals,DK,2022-07-09 22:09:12,57.5881,9.9592,59.52,69,6,18.77
584,Abu Zabad,SD,2022-07-09 22:09:12,12.35,29.25,78.53,69,100,9.42
